Time,Lon,Lat,Alt,MAC,Signal,ID,Channel
03/12/2017 08:53,35.209501435511775,32.104399074436365,720.952261187317,b2:6c:ac:9f:f1:c5,-82,paysday,2
03/12/2017 09:03,35.20972712999356,32.10311265812311,698.4515190341033,3c:52:82:ef:c4:3c,-61,DIRECT-3B-HP DeskJet 3630 series,6
03/12/2017 09:07,35.210056997974235,32.10360044915835,698.72256910716,1c:b9:c4:16:e5:a8,-76,Ariel_University,6
03/12/2017 08:45,35.20879533000001,32.1035812,702.3207686500001,1c:b9:c4:16:12:e8,-90,Ariel_University,1
03/12/2017 08:41,35.208757334046894,32.10304417966708,700.4360586053886,ec:8c:a2:88:94:17,-72, ,44
03/12/2017 08:37,35.20743113,32.10245839,694.8881938,06:ae:db:3a:64:05,-84,BezeqFree,1
03/12/2017 09:03,35.209736120121825,32.10308589801684,702.6688538703775,1c:b9:c4:16:ed:3c,-71,Ariel_University,44
03/12/2017 08:47,35.21117844897863,32.104232360831354,704.2993113790975,1c:b9:c4:14:36:fc,-84,Ariel_University,36
03/12/2017 08:37,35.20734901,32.10251814,698.9056862,d0:0f:6d:f1:35:2f,-85,Sveta,4
03/12/2017 08:37,35.20781816162754,32.103779866801545,690.4231966181052,ec:8c:a2:88:a9:27,-81, ,44
03/12/2017 08:38,35.2078167111954,32.10361868641025,690.5070725832499,ec:8c:a2:08:a9:28,-71,Ariel_University,11
03/12/2017 08:41,35.20957634167495,32.10204919904429,691.331833627447,1c:b9:c4:15:3a:3c,-82,Ariel_University,44
03/12/2017 08:58,35.20907040239197,32.10346931305368,695.8661582471786,b2:6c:ac:a0:3d:eb,-72,sinusafe,3
03/12/2017 08:38,35.207831805206744,32.10376648205501,690.3776745990665,ec:8c:a2:08:a9:2c,-81,Ariel_University,44
03/12/2017 08:54,35.20927735903117,32.10227173765646,704.3875712171651,1c:b9:c4:16:04:7c,-81,Ariel_University,60
03/12/2017 08:37,35.20759021,32.10258799,693.1085203,14:ae:db:58:0d:6d,-91,__ery,11
03/12/2017 09:05,35.210106877769974,32.10362650887116,701.6270681495837,1c:b9:c4:16:ed:48,-81,Ariel_University,6
03/12/2017 08:39,35.21194839,32.10621149,689.2763253,00:1a:dd:f4:fc:85,-78,Afikim_Wifi,8
03/12/2017 08:50,35.20894168580295,32.102889789628655,691.8273694809354,ec:8c:a2:08:94:18,-60,Ariel_University,1
03/12/2017 08:37,35.2075361737085,32.10276969128207,695.1730814227403,ec:8c:a2:08:a9:38,-81,Ariel_University,6
03/12/2017 08:39,35.21194839,32.10621149,689.2763253,f8:e7:1e:33:87:38,-86,Police_Shomron ,1
03/12/2017 08:39,35.21194839,32.10621149,689.2763253,00:1a:dd:f4:fc:84,-77, ,8
03/12/2017 08:37,35.20776622,32.10325457,690.8153989,ec:8c:a2:88:a9:37,-81, ,36
03/12/2017 08:40,35.2094596585698,32.10429525881002,689.2506394283968,a2:6c:ac:a0:60:4d,-72,incentive2,1
03/12/2017 08:44,35.21109434120773,32.10502885271464,701.1902730002984,1c:b9:c4:14:2b:c8,-69,Ariel_University,6
03/12/2017 08:50,35.20974686625808,32.10460470221629,695.4591440454994,b2:6c:ac:9f:fb:1f,-69,iagree,1
03/12/2017 08:37,35.207673273278694,32.102945224590165,691.0835484311476,ec:8c:a2:08:a9:3c,-75,Ariel_University,36
03/12/2017 08:46,35.20879683454608,32.102713634576105,697.5388366665069,1c:b9:c4:14:2f:68,-67,Ariel_University,6
03/12/2017 08:45,35.21099027008268,32.10488923240427,704.6990103343725,1c:b9:c4:16:05:7c,-89,Ariel_University,36
03/12/2017 08:50,35.209267380823434,32.10227804749559,697.3514191571016,1c:b9:c4:94:2b:d7,-78, ,36
03/12/2017 09:04,35.20978332241179,32.10285315404422,703.7357989588476,00:1d:aa:81:d8:3c,-64,KCG-ADSL,3
03/12/2017 08:41,35.20958211,32.10199116,691.3292747,1c:b9:c4:95:43:e7,-90, ,36
03/12/2017 08:53,35.20969929955878,32.10456879065022,704.3331469515239,a2:6c:ac:a0:60:55,-82,incentive2,36
03/12/2017 08:41,35.20928225112237,32.10489300750747,690.7435731246444,b2:6c:ac:9f:fb:27,-89,iagree,36
03/12/2017 08:38,35.20792964,32.10461272,689.6670161,ec:8c:a2:08:92:48,-85,Ariel_University,6
03/12/2017 08:41,35.20894494,32.1040793,693.2106003,1c:b9:c4:15:23:5c,-91,Ariel_University,36
03/12/2017 08:49,35.21000489,32.10473133,687.0,58:70:c6:fb:96:30,-88,YICarCam_fb9630,5
03/12/2017 08:42,35.20981183,32.10360555,696.984537,1c:b9:c4:16:e5:ac,-88,Ariel_University,36
03/12/2017 08:40,35.210993686209285,32.10493454843041,688.9904963231984,ec:8c:a2:08:79:88,-88,Ariel_University,1
03/12/2017 08:46,35.20907080938333,32.10240543882769,700.5464770235718,1c:b9:c4:15:43:e8,-75,Ariel_University,1
03/12/2017 08:58,35.20935115197277,32.10239321546526,693.5101064782679,1c:b9:c4:14:2b:d8,-63,Ariel_University,1
03/12/2017 08:38,35.20792964,32.10461272,689.6670161,ec:8c:a2:08:92:4c,-88,Ariel_University,36
03/12/2017 08:51,35.21082446,32.10413713,704.7212452,c8:be:19:07:77:b9,-88,Bezeq-N_0777b8,11
03/12/2017 08:44,35.21103245132743,32.10502713176991,700.7822284442477,1c:b9:c4:94:2b:c7,-80, ,36
03/12/2017 08:53,35.20992463314879,32.10469340120761,706.1602376529412,8c:0c:90:6f:36:58,-74, ,1
03/12/2017 08:45,35.20996993102034,32.104756095880944,699.1416431451049,8c:0c:90:2f:36:58,-71,Ariel_University,1
03/12/2017 08:58,35.20922846441232,32.10363544401333,699.7314089375785,90:6c:ac:a0:3d:eb,-73,Guest,3
03/12/2017 08:46,35.20978021,32.10338816,713.0579803,1c:b9:c4:15:1c:bc,-90,Ariel_University,36
03/12/2017 08:39,35.21181344661473,32.105200955111236,694.518761713327,00:27:19:13:fc:a4,-85,KCG_20,11
03/12/2017 09:06,35.21016707,32.10381301,708.0,24:79:2a:2b:02:78,-80,Ariel_University,6
03/12/2017 08:50,35.20878314,32.10293474,707.529971,1c:b9:c4:94:2f:67,-84, ,36
03/12/2017 08:50,35.209843676588626,32.10465458375801,695.986414273147,d0:bf:9c:db:31:30,-73,HP-Print-30-Officejet 7610,6
03/12/2017 08:37,35.20769755,32.1029743,690.9460551,ec:8c:a2:09:93:b8,-90,Ariel_University,11
03/12/2017 08:49,35.21145722437702,32.105071233211646,693.5785828160674,24:79:2a:2b:34:e8,-90,Ariel_University,1
03/12/2017 08:41,35.20894494,32.1040793,693.2106003,1c:b9:c4:95:23:57,-92, ,36
03/12/2017 08:42,35.21124745,32.10490479,697.4311692,1c:b9:c4:96:05:77,-90, ,36
03/12/2017 08:45,35.21030982040517,32.10471077530213,700.7059114755501,1c:b9:c4:16:05:78,-78,Ariel_University,6
03/12/2017 08:50,35.20912685166417,32.10405246906294,689.9727887050459,1c:b9:c4:15:23:58,-78,Ariel_University,6
03/12/2017 08:46,35.20929027070707,32.10218764382711,694.1649424249407,3c:52:82:ef:d4:56,-73,DIRECT-55-HP DeskJet 3630 series,6
03/12/2017 09:01,35.2096084,32.10300921,701.0,e4:95:6e:40:87:1a,-20,OOP_course,1
03/12/2017 08:46,35.209224656260695,32.1022578870186,693.8738864606572,1c:b9:c4:16:f1:48,-73,Ariel_University,1
03/12/2017 09:06,35.209908177216754,32.103607023662725,700.2261390593166,3c:52:82:ef:d4:52,-72,DIRECT-51-HP DeskJet 3630 series,6
03/12/2017 08:45,35.209924426299224,32.10468953639806,687.646258204214,90:6c:ac:a0:7b:4d,-64,EVE,11
03/12/2017 08:39,35.21192983,32.10544864,691.5885471,1c:b9:c4:96:cd:17,-89, ,36
03/12/2017 08:46,35.209260065,32.10215532,703.3361961,1c:b9:c4:96:f1:47,-83, ,36
03/12/2017 08:49,35.21085266476272,32.10487689111306,693.1063547280278,00:11:6b:11:7e:0c,-87,yosh,1
03/12/2017 08:45,35.21005988,32.10474846,687.0,70:5a:0f:57:04:17,-84,DIRECT-B1-HP DeskJet 3830 series,11
03/12/2017 08:45,35.20956252510098,32.103726673881965,700.1139500119295,8c:0c:90:2e:16:88,-78,Ariel_University,11
03/12/2017 08:51,35.21062416851403,32.104250808788095,694.768263501896,24:79:2a:2b:24:98,-81,Ariel_University,1
03/12/2017 08:38,35.20781292,32.10353355,690.579513,00:27:22:f3:bb:3a,-86, ,6
03/12/2017 09:03,35.20969269662513,32.10298530552546,701.7019224858896,1c:b9:c4:14:30:3c,-80,Ariel_University,44
03/12/2017 08:38,35.20788087,32.10441405,689.9496965,84:c9:b2:4a:e7:87,-86,dlink,2
03/12/2017 08:37,35.20733873,32.10251744,695.5775666,00:8c:54:90:ce:d1,-89,victoria,11
03/12/2017 08:39,35.2120639949368,32.10576014795497,690.4608693475203,1c:b9:c4:16:cd:18,-75,IT-MNG,1
03/12/2017 08:45,35.21005988,32.10474846,687.0,1c:b9:c4:15:25:4c,-87,Ariel_University,44
03/12/2017 08:39,35.21207188,32.10578181,690.5323471,f8:e7:1e:33:87:3c,-86,Police_Shomron ,36
03/12/2017 08:39,35.21192983,32.10544864,691.5885471,1c:b9:c4:15:3a:28,-87,Ariel_University,1
03/12/2017 08:38,35.20818645055072,32.1036511338293,693.5284770476242,00:25:86:cc:00:f8,-74,AUC_54_R,5
03/12/2017 08:42,35.21056381,32.10406542,697.5076284,24:79:2a:2b:24:9c,-87,Ariel_University,36
03/12/2017 08:42,35.21118934,32.10421175,697.9876833,1c:b9:c4:94:36:f7,-89, ,36
03/12/2017 08:39,35.21178481,32.10521012,692.3377116,8c:0c:90:af:76:53,-90, ,6
03/12/2017 08:37,35.20726399,32.1025333,699.2877605,34:0b:01:19:21:42,-91,afikim-wifi,7
03/12/2017 08:45,35.20991503270077,32.104693373032646,701.7923476408417,1c:b9:c4:15:25:48,-72,Ariel_University,1
03/12/2017 09:05,35.20975755340407,32.10331055686495,703.9414788229467,1c:b9:c4:16:f1:5c,-77,Ariel_University,52
03/12/2017 09:03,35.20972455903491,32.1032160022164,701.9403365439249,1c:b9:c4:16:f1:58,-72,Ariel_University,6
03/12/2017 08:54,35.209515434385686,32.10203099153584,699.4327820448618,1c:b9:c4:15:3a:38,-74,Ariel_University,11
03/12/2017 08:46,35.20883676497095,32.10238354298297,689.4879837412518,48:ee:0c:3e:86:dd,-85,tachlit3,7
03/12/2017 08:39,35.21187488,32.10533815,692.0554072,24:79:2a:2b:34:a8,-92,Ariel_University,11
03/12/2017 08:53,35.21012315,32.10481856,726.1049343,24:c9:a1:36:52:d8,-90,Ariel_University,1
03/12/2017 08:45,35.20959198230233,32.104772098926865,689.4143707177218,f8:e9:03:12:ef:3b,-67,ShapeDo,6
03/12/2017 08:45,35.20967931547516,32.10456801264497,689.8684136392158,f8:e9:03:12:ef:3c,-75,ShapeDo-5GHz,60
03/12/2017 08:42,35.2112795713649,32.10451988370635,694.648280999288,1c:b9:c4:14:36:f8,-78,Ariel_University,6
03/12/2017 09:00,35.209740245618306,32.103260453223626,703.9055825016047,1c:b9:c4:96:f1:57,-82, ,52
03/12/2017 08:39,35.21207188,32.10578181,690.5323471,1c:b9:c4:16:cd:1c,-88,Ariel_University,36
03/12/2017 08:39,35.21138727,32.10614939,688.8993666,00:1a:dd:f4:ef:c4,-87, ,1
03/12/2017 08:41,35.20930544,32.10204841,690.6637923,1c:b9:c4:95:3a:37,-87, ,44
03/12/2017 08:39,35.21106968,32.10608928,688.7624378,00:1a:dd:f4:ef:c5,-81,Afikim_Wifi,1
03/12/2017 08:37,35.20757686,32.1026346,692.0341048,cc:fa:00:ae:93:46,-86,bezek freeee,6
03/12/2017 09:03,35.2098071823292,32.10348809727732,699.2249391764587,c0:4a:00:71:ee:ee,-81,Onicom,9
03/12/2017 08:41,35.20942539198074,32.10405974208484,705.4863232337568,00:27:22:f3:bb:2b,-85, ,6
03/12/2017 08:45,35.20959776,32.10447804,687.0,70:5a:0f:57:42:43,-75,DIRECT-42-HP DeskJet 3830 series,11
03/12/2017 08:46,35.209089104123656,32.102144788255025,689.2517761994259,1c:b9:c4:16:f1:4c,-84,Ariel_University,36
03/12/2017 08:53,35.20979911,32.10465583,721.9074686000001,90:6c:ac:a0:7b:55,-73,EVE,52
03/12/2017 08:39,35.21187488,32.10533815,692.0554072,1c:b9:c4:15:3a:2c,-92,Ariel_University,36
03/12/2017 08:57,35.20921578,32.10312597,696.5,c0:bd:d1:d5:8c:55,-80,AndroidAP,6
03/12/2017 08:45,35.20999833428048,32.1047321261192,694.966256654836,b2:6c:ac:a0:7b:4d,-63,magneto,11
03/12/2017 09:03,35.209677670844734,32.10298166861612,699.3847452726126,1c:b9:c4:95:ec:37,-79, ,36
03/12/2017 09:09,35.20996483188758,32.10301675257821,694.3706763983566,1c:b9:c4:14:2c:3c,-75,Ariel_University,52
03/12/2017 08:42,35.20992069028521,32.10259715930852,696.4473308717597,1c:b9:c4:16:ee:9c,-85,Ariel_University,36
03/12/2017 08:50,35.20888730480682,32.10463137338773,690.5715158626814,ec:8c:a2:26:d2:c8,-90,Ariel_University,11
03/12/2017 08:40,35.21025667,32.10493192,692.7030959,1c:b9:c4:15:34:b8,-92,Ariel_University,6
03/12/2017 08:53,35.20944049357651,32.10444130191467,719.69992894069,24:79:2a:ac:5b:d7,-82, ,36
03/12/2017 08:45,35.21068038217124,32.105011147645655,697.5475606811012,1c:b9:c4:14:30:08,-81,Ariel_University,1
03/12/2017 08:38,35.207895368273604,32.103921779528584,690.2937519216671,ec:8c:a2:88:7b:87,-76, ,40
03/12/2017 08:37,35.207760400995475,32.10321891841629,690.8382411624433,ec:8c:a2:09:0c:cc,-80,Ariel_University,44
03/12/2017 08:41,35.20927747,32.10436268,692.9954485,58:70:c6:fb:68:7a,-88,YICarCam_fb687a,5
03/12/2017 08:39,35.211693099540014,32.10534576371486,691.3431389219876,1c:b9:c4:15:fd:e8,-82,IT-MNG,11
03/12/2017 08:41,35.20916332300924,32.104041740686284,691.4550620641022,34:8f:27:20:89:b8,-78,Ariel_University,6
03/12/2017 09:04,35.21021632809159,32.10322749479845,693.9243746625878,1c:b9:c4:16:ee:98,-73,Ariel_University,6
03/12/2017 09:05,35.20975078060045,32.1033618375449,700.4082398297394,1c:b9:c4:15:ed:b8,-82,IT-MNG,1
03/12/2017 08:39,35.2105515372934,32.10596257203692,688.682501700329,00:1a:dd:f4:ef:04,-76,PEPWAVE_9481,1
03/12/2017 08:39,35.211859884756414,32.105337115983424,691.9964341015791,1c:b9:c4:15:fd:ec,-76,Ariel_University,40
03/12/2017 08:45,35.208747552617076,32.10318312125033,698.13215315879,1c:b9:c4:12:7c:c8,-65,Ariel_University,11
03/12/2017 08:46,35.20938173019013,32.10372953719322,705.7432982800342,1c:b9:c4:95:fd:47,-87, ,36
03/12/2017 08:44,35.21121997029554,32.10519175807336,703.6200349461581,1c:b9:c4:15:36:9c,-82,Ariel_University,36
03/12/2017 08:53,35.20981364614866,32.10467817311063,708.5120395077961,b2:6c:ac:a0:7b:55,-73,magneto,52
03/12/2017 08:57,35.20929375497552,32.10366632378877,689.799384339594,a2:6c:ac:a0:18:29,-75,artsim,6
03/12/2017 09:03,35.20995770538881,32.103342611885125,698.4074362151175,1c:b9:c4:14:2b:88,-72,Ariel_University,11
03/12/2017 08:46,35.20879731653349,32.10297746880038,701.9387633019671,1c:b9:c4:12:90:b8,-74,Ariel_University,11
03/12/2017 08:46,35.20947285972674,32.10206173092713,700.4320999661207,fc:3f:db:9c:36:3d,-79,DIRECT-5C-HP DeskJet 3630 series,6
03/12/2017 08:40,35.2096085,32.10457103,692.8918491,1c:b9:c4:14:62:4c,-74,Ariel_University,36
03/12/2017 08:38,35.20788087,32.10441405,689.9496965,1c:b9:c4:16:cd:68,-86,Ariel_University,11
03/12/2017 08:37,35.20734901,32.10251814,698.9056862,b0:48:7a:a1:80:8c,-86,Knoch,4
03/12/2017 08:50,35.209175811335484,32.10231850810012,691.9385187753959,a0:ab:1b:60:b4:ca,-79,36518749,8
03/12/2017 08:51,35.211229991825604,32.10475063327358,699.6870731030044,1c:b9:c4:95:44:87,-86, ,36
03/12/2017 08:46,35.209526772753385,32.102030001802184,696.2765809122303,1c:b9:c4:15:3d:58,-69,Ariel_University,11
03/12/2017 08:40,35.21071549,32.10506215,692.6868607,1c:b9:c4:14:30:0c,-85,Ariel_University,36
03/12/2017 08:46,35.21002971,32.10263052,712.9572535,1c:b9:c4:95:1e:67,-89, ,36
03/12/2017 08:37,35.20734901,32.10251814,698.9056862,10:be:f5:39:8f:f2,-86,LARISA,3
03/12/2017 08:41,35.2089122909509,32.10318778731778,694.572824058573,1c:b9:c4:12:90:bc,-77,Ariel_University,40
03/12/2017 08:43,35.2107580986221,32.104697508081955,693.5155460323649,ec:8c:a2:08:79:a8,-74,Ariel_University,6
03/12/2017 08:46,35.21001902,32.10225656,692.0,e8:94:f6:d5:98:86,-94,TP-LINK_D59886,9
03/12/2017 08:37,35.20778663,32.10332339,690.7687922,ec:8c:a2:88:78:37,-90, ,40
03/12/2017 08:41,35.209094317070004,32.102449822510145,695.5259023534455,1c:b9:c4:16:11:a8,-76,Ariel_University,1
03/12/2017 08:50,35.20885656,32.10377002,710.3643464,1c:b9:c4:96:1d:77,-85, ,44
03/12/2017 08:44,35.21116457542034,32.10515114619666,700.3504652654074,1c:b9:c4:15:36:98,-81,Ariel_University,1
03/12/2017 08:46,35.20978021,32.10338816,713.0579803,1c:b9:c4:14:2b:8c,-90,Ariel_University,44
03/12/2017 08:37,35.2073457,32.10252819,700.1622739,14:ae:db:3a:64:05,-86,tanya,1
03/12/2017 08:50,35.20905902225487,32.10325834372407,709.3871692866734,ec:8c:a2:08:78:cc,-74,Ariel_University,48
03/12/2017 08:46,35.209569912082586,32.10199321629435,690.640765867288,1c:b9:c4:15:3d:5c,-82,Ariel_University,36
03/12/2017 08:39,35.21038077,32.10593532,688.6045855,00:1a:dd:f5:06:a4,-83, ,13
03/12/2017 09:06,35.21009379618329,32.103792991984555,703.0223738822457,24:79:2a:2b:bd:8c,-83,Ariel_University,44
03/12/2017 08:39,35.21038077,32.10593532,688.6045855,00:1a:dd:f5:06:a5,-84,Afikim_Wifi,13
03/12/2017 08:39,35.21055454568366,32.105957707343514,688.6715462505874,00:1a:dd:f5:e9:25,-58,Afikim-73925,1
03/12/2017 08:39,35.21025745302324,32.10546046717562,689.4884991118435,00:1a:dd:f5:e9:24,-59,PEPWAVE_C99D,1
03/12/2017 08:37,35.2076292,32.10286151,691.1036072,a4:08:f5:20:72:6a,-87,HOTFiber-3C40,1
03/12/2017 08:37,35.20757686,32.1026346,692.0341048,00:0e:f4:c1:50:14,-92,vladimir,11
03/12/2017 08:50,35.20920039267538,32.10226981767505,691.1803735686982,1c:b9:c4:16:f1:98,-72,Ariel_University,11
03/12/2017 08:40,35.209374476786834,32.103725180738365,690.0337546246034,74:ea:3a:ad:d1:50,-71,TP-LINK_ADD150,4
03/12/2017 09:04,35.21007391297352,32.10307001349221,694.8208554784578,1c:b9:c4:15:3d:68,-78,Ariel_University,6
03/12/2017 08:41,35.20881390529063,32.10302114966438,691.992358226648,1c:b9:c4:12:7c:cc,-81,Ariel_University,36
03/12/2017 09:04,35.20970538984119,32.10290545112779,700.3733126843996,1c:b9:c4:14:30:38,-65,Ariel_University,1
03/12/2017 08:37,35.2073457,32.10252819,700.1622739,a0:4f:d4:3b:e9:01,-84,Lidor a,6
03/12/2017 08:38,35.20780553,32.10342051,690.6874449,ec:8c:a2:09:0c:c8,-86,Ariel_University,1
03/12/2017 08:38,35.20780553,32.10342051,690.6874449,ec:8c:a2:08:90:cc,-87,Ariel_University,36
03/12/2017 08:42,35.21130154991275,32.10491909813486,693.8682117075946,ec:8c:a2:08:79:ac,-83,Ariel_University,36
03/12/2017 08:50,35.20903077693963,32.102516763713886,695.973818446452,1c:b9:c4:14:33:cc,-78,Ariel_University,48
03/12/2017 08:45,35.208890331420136,32.10366838338556,699.4671303270445,8c:0c:90:6e:16:88,-78, ,11
03/12/2017 08:38,35.20782636,32.10371441,690.4758806,ec:8c:a2:89:8c:37,-86, ,44
03/12/2017 08:45,35.209239736013785,32.10344907272257,708.5804377541641,00:02:6f:8e:64:67,-87, ,1
03/12/2017 08:50,35.209918966179,32.1042182357287,699.9473732607279,24:79:2a:2c:5b:d8,-79,Ariel_University,1
03/12/2017 08:49,35.2104469,32.10494483,717.6172124,30:b5:c2:b8:40:36,-91, ,13
03/12/2017 08:45,35.20889445474035,32.10369240228351,690.768230119683,ec:8c:a2:26:b0:e8,-81,Ariel_University,6
03/12/2017 08:45,35.20944039571761,32.10432787290914,718.4184377682757,90:6c:ac:9f:f1:c5,-86,CliClap,2
03/12/2017 08:37,35.20731989055549,32.10252980407737,699.8860444902843,00:1a:dd:e3:06:e4,-53,afikim-wifi,1
03/12/2017 08:54,35.20922609822347,32.10229862905115,706.4003318582706,1c:b9:c4:15:43:ec,-86,Ariel_University,36
03/12/2017 08:40,35.21135241,32.10490612,691.7266026,1c:b9:c4:95:ed:47,-87, ,44
03/12/2017 08:45,35.20917698475291,32.102562872346546,708.1826127857425,1c:b9:c4:16:f4:2c,-87,Ariel_University,44
03/12/2017 08:46,35.208996006692495,32.10228287343109,690.1382610156422,1c:b9:c4:16:f4:28,-75,Ariel_University,11
03/12/2017 08:41,35.20928225112237,32.10489300750747,690.7435731246444,90:6c:ac:9f:fb:27,-89,Guest,36
03/12/2017 08:38,35.207819530976074,32.10360081448697,690.5542770560942,ec:8c:a2:08:90:c8,-78,Ariel_University,11
03/12/2017 08:41,35.2089812534491,32.10256673396446,701.1302197434962,1c:b9:c4:16:11:ac,-83,Ariel_University,44
03/12/2017 08:41,35.2087768144964,32.103688394042585,691.4510767060127,1c:b9:c4:96:28:e7,-72, ,36
03/12/2017 08:51,35.21082446,32.10413713,704.7212452,24:79:2a:2c:61:6c,-92,Ariel_University,36
03/12/2017 08:39,35.209785713230914,32.10547424507153,689.0514532640643,00:1a:dd:f4:f5:c4,-87, ,13
03/12/2017 08:38,35.2090711198415,32.105139546852534,689.2440822061451,00:1a:dd:f4:f5:c5,-85,Afikim_Wifi,13
03/12/2017 08:54,35.20914456426316,32.102401058518154,697.9423213342516,1c:b9:c4:14:2c:18,-75,Ariel_University,1
03/12/2017 08:58,35.20937632269227,32.102715605147154,694.0592079576196,ec:8c:a2:08:78:c8,-75,Ariel_University,6
03/12/2017 08:50,35.20975666222348,32.10480393224513,687.61281676241,90:6c:ac:9f:fb:1f,-69,Guest,1
03/12/2017 08:39,35.21168764,32.10618195,689.1981253,cc:b2:55:e7:7e:ba,-87,Bezeq-NGN_E77EB9,6
03/12/2017 08:46,35.2099186269824,32.10248598826309,697.3346164825905,40:a5:ef:7a:17:f2,-72,2.4V1,1
03/12/2017 08:46,35.209423516542884,32.102297569601454,693.1958479060324,1c:b9:c4:16:04:78,-72,Ariel_University,11
03/12/2017 08:49,35.21000489,32.10473133,687.0,9c:d2:1e:04:e6:2c,-91,HP-Print-2c-LaserJet 400 color,6
03/12/2017 08:37,35.207581046433766,32.10281447258352,693.2074095914419,ec:8c:a2:09:03:38,-71,Ariel_University,1
03/12/2017 08:50,35.209728565210945,32.102013149441845,690.955784869766,30:e1:71:0f:a2:72,-76,DIRECT-71-HP DeskJet 3630 series,6
03/12/2017 08:50,35.208779232632175,32.10333201800836,707.3879720971097,ec:8c:a2:08:94:1c,-63,Ariel_University,44
03/12/2017 08:41,35.20942986,32.10446697,692.9030486,34:8f:27:20:89:bc,-87,Ariel_University,44
03/12/2017 09:02,35.20968831829753,32.10294448092237,698.1641498561195,1c:b9:c4:96:ed:37,-77, ,44
03/12/2017 08:40,35.20943759785427,32.10461735812514,695.5120296299331,1c:b9:c4:16:05:3c,-78,Ariel_University,36
03/12/2017 08:51,35.21124799022054,32.10421326358119,697.7203405346044,1c:b9:c4:16:e8:f8,-68,Ariel_University,11
03/12/2017 08:37,35.20814477323022,32.10314760878292,691.7941043278232,14:ae:db:cf:86:f5,-91,Biren2809,11
03/12/2017 08:37,35.2073457,32.10252819,700.1622739,a0:4f:d4:3a:a0:e1,-89,Cellcom-WiFi_0123,11
03/12/2017 08:39,35.21055874940191,32.105924523066314,688.6737904388694,00:27:22:f3:e2:f3,-81, ,6
03/12/2017 09:07,35.20978696,32.1034255,702.0,1c:b9:c4:15:ed:bc,-85,IT-MNG,48
03/12/2017 09:05,35.209490677767306,32.10381187466318,703.5042377537143,a0:8c:fd:0a:24:56,-76,DIRECT-13-HP DeskJet 3630 series,6
03/12/2017 08:50,35.208784194986094,32.10339539874442,699.0853653818433,24:79:2a:2c:3d:68,-85,Ariel_University,6
03/12/2017 08:50,35.20991403539836,32.10469105279133,694.937636820767,1c:b9:c4:16:05:38,-71,Ariel_University,11
03/12/2017 08:45,35.20943654265833,32.10375691850969,696.8315528973394,1c:b9:c4:14:62:48,-69,Ariel_University,11
03/12/2017 08:49,35.21121884,32.10500618,710.775619,1c:b9:c4:96:2b:e7,-89, ,36
03/12/2017 08:45,35.210474774417534,32.10500097134948,710.7476613560385,1c:b9:c4:95:44:57,-75, ,44
03/12/2017 08:42,35.21103696036162,32.10415575280497,696.1003908520289,1c:b9:c4:16:e8:fc,-80,Ariel_University,36
03/12/2017 08:45,35.209101644276956,32.10375365017403,704.4018945125064,8c:0c:90:ae:16:83,-79, ,11
03/12/2017 08:45,35.21028241,32.1049281,722.9373547,1c:b9:c4:15:34:bc,-90,Ariel_University,36
03/12/2017 08:41,35.210023911466585,32.10414268728312,703.1484393099994,24:79:2a:2c:5b:dc,-78,Ariel_University,36
03/12/2017 08:46,35.21008430605145,32.10377640487974,706.219816929002,1c:b9:c4:96:06:b7,-71, ,48
03/12/2017 08:37,35.207698036981135,32.10310231762264,691.9064470784906,ec:8c:a2:09:03:3c,-77,Ariel_University,44
03/12/2017 08:39,35.21194839,32.10621149,689.2763253,00:1a:dd:f4:fc:64,-87, ,1
03/12/2017 08:45,35.2099254346227,32.10468231954045,710.2256059438022,00:1a:dd:f5:e2:e4,-88, ,8
03/12/2017 09:04,35.209841837333606,32.10275779803801,694.9082543015094,1c:b9:c4:14:2c:38,-70,Ariel_University,6
03/12/2017 08:39,35.21194839,32.10621149,689.2763253,00:1a:dd:f4:fc:65,-90,Afikim_Wifi,1
03/12/2017 08:38,35.20808402,32.10473074,689.6319853,e6:46:da:e4:84:c0,-87,Aviramf phone,6
03/12/2017 08:45,35.210128214972045,32.104772225353976,702.7538803125015,00:1a:dd:f5:e2:e5,-81,Afikim_Wifi,8
03/12/2017 08:42,35.21097162,32.10418021,697.8335736,1c:b9:c4:95:ed:37,-85, ,36
03/12/2017 08:39,35.21138727,32.10614939,688.8993666,10:be:f5:36:02:e2,-82,TOP-SECRET,8
03/12/2017 08:37,35.20730738013259,32.10253058645726,699.7521498326602,d8:fe:e3:03:5a:31,-78,Moria,6
03/12/2017 08:55,35.21088765132075,32.104164385056606,704.543579178868,1c:b9:c4:95:41:77,-77, ,44
03/12/2017 08:42,35.21095632946646,32.1045024285241,695.2145993485882,8c:0c:90:2f:d3:d8,-80,Ariel_University,11
03/12/2017 08:39,35.21159973091318,32.106129980126084,689.0436342888271,1c:b9:c4:96:06:e7,-89, ,44
03/12/2017 08:46,35.20903622518658,32.10260095493026,694.6709443208326,1c:b9:c4:16:f4:78,-71,Ariel_University,1
03/12/2017 08:50,35.20897218662043,32.10398682632534,702.3784600465826,00:02:6f:b8:c4:1a,-86, ,11
03/12/2017 08:50,35.20928813867631,32.102086001403414,690.0247298040624,1c:b9:c4:15:1b:88,-81,Ariel_University,11
03/12/2017 08:41,35.20958211,32.10199116,691.3292747,1c:b9:c4:15:ed:7c,-83,Ariel_University,60
03/12/2017 08:37,35.20779240532659,32.10349661538638,690.6301240373049,ec:8c:a2:08:7a:1c,-71,Ariel_University,44
03/12/2017 08:46,35.209192759869815,32.102132338236856,694.8823931244858,a0:8c:fd:0a:d5:f5,-70,DIRECT-F4-HP DeskJet 3630 series,6
03/12/2017 08:47,35.211139464759924,32.10436743713234,699.2536022106293,1c:b9:c4:15:41:78,-73,Ariel_University,1
03/12/2017 08:54,35.208901795582676,32.10237157172084,701.5495691391676,1c:b9:c4:16:28:fc,-78,Ariel_University,36
03/12/2017 08:38,35.20975997,32.10572051,688.5550301,f8:a9:d0:66:06:4d,-81,Orange G2_4113,6
03/12/2017 08:40,35.21025667,32.10493192,692.7030959,1c:b9:c4:16:2d:ec,-85,Ariel_University,36
03/12/2017 08:49,35.2104469,32.10494483,717.6172124,00:1a:dd:f5:df:c4,-89, ,6
03/12/2017 08:49,35.21037360796379,32.104882103678335,704.0554242364997,00:1a:dd:f5:df:c5,-89,Afikim_Wifi,6
03/12/2017 08:41,35.20930544,32.10204841,690.6637923,1c:b9:c4:95:1b:87,-89, ,58
03/12/2017 08:37,35.20778663,32.10332339,690.7687922,ec:8c:a2:09:86:d8,-92,Ariel_University,6
03/12/2017 08:41,35.20866419,32.10332615,692.4506545,1c:b9:c4:16:13:0c,-89,Ariel_University,44
03/12/2017 08:45,35.21027043681567,32.10492987690615,708.8736268895206,1c:b9:c4:96:2d:e7,-83, ,36
03/12/2017 08:41,35.20819917792264,32.1028212100639,693.7210746747173,1c:b9:c4:96:f4:77,-84, ,36
03/12/2017 08:45,35.2105645351564,32.10496117714801,691.0373017602413,1c:b9:c4:16:2d:e8,-77,Ariel_University,11
03/12/2017 08:37,35.20733918,32.10251582,697.9931738,14:ae:db:43:88:35,-85,BEZEQINT-8831,6
03/12/2017 09:01,35.209679185730806,32.102975181876815,697.3000448783765,1c:b9:c4:12:af:7c,-76,Ariel_University,40
03/12/2017 08:37,35.20726399,32.1025333,699.2877605,14:ae:db:32:52:12,-89,surikat,6
03/12/2017 08:45,35.209135169998696,32.10420319832837,697.0099932723518,ec:8c:a2:26:d3:68,-58,Ariel_University,11
03/12/2017 09:06,35.21016529401412,32.103824729240245,706.2915398693783,1c:b9:c4:16:06:bc,-67,Ariel_University,48
03/12/2017 08:38,35.21020599232243,32.105552759658785,689.360808959703,00:1a:2f:7f:6b:70,-76, ,13
03/12/2017 08:39,35.21106968,32.10608928,688.7624378,00:0d:f0:3e:fa:ca,-87,Gateway,9
03/12/2017 08:38,35.21035938000001,32.105393535,690.5277389999999,1c:b9:c4:95:42:67,-90, ,48
03/12/2017 08:51,35.21059905296255,32.104047107327965,696.7270599963318,24:79:2a:2c:61:68,-83,Ariel_University,6
03/12/2017 08:42,35.21100124672102,32.10416345193416,696.2173923846444,1c:b9:c4:15:41:7c,-78,Ariel_University,44
03/12/2017 08:45,35.20883419,32.10296085,714.3703448,1c:b9:c4:94:33:c7,-83, ,48
03/12/2017 08:37,35.2073457,32.10252819,700.1622739,10:be:f5:3b:68:2c,-87,Hagar,11
03/12/2017 09:08,35.21000540346792,32.10334771384648,698.4657151087035,1c:b9:c4:12:af:78,-60,Ariel_University,11
03/12/2017 08:54,35.209414067717,32.10229150094076,696.4982250250949,62:ab:1b:60:b4:cb,-79,Bezeq Free,8
03/12/2017 08:50,35.20871363107448,32.10242248027882,704.2728646359667,1c:b9:c4:96:28:f7,-82, ,36
03/12/2017 08:37,35.2078243035797,32.10375939452498,690.4413487881285,ec:8c:a2:88:7a:17,-71, ,44
03/12/2017 08:37,35.20782590121104,32.103777884259735,690.4274628271223,ec:8c:a2:08:7a:18,-71,Ariel_University,1
03/12/2017 09:01,35.209633780470426,32.1031242360616,698.5876172620372,1c:b9:c4:92:af:77,-83, ,40
03/12/2017 08:46,35.209082977183506,32.10260038868022,690.3743628306737,1c:b9:c4:16:28:f8,-73,Ariel_University,6
03/12/2017 08:40,35.21138014500001,32.10486748500001,690.8633012999999,1c:b9:c4:15:ed:4c,-88,Ariel_University,44
03/12/2017 08:50,35.20878692551664,32.10365783641277,702.5219461539034,1c:b9:c4:16:28:e8,-67,Ariel_University,1
03/12/2017 08:40,35.210344271378304,32.104766141202944,690.695321666656,1c:b9:c4:15:42:68,-79,Ariel_University,11
03/12/2017 08:45,35.2098852395774,32.104677607563346,695.6775622377878,a2:6c:ac:a0:7b:4d,-64,Guest,11
03/12/2017 08:39,35.210919087792035,32.1060498134821,688.7622466136462,1c:b9:c4:16:06:ec,-83,Ariel_University,44
03/12/2017 08:45,35.20897411,32.1040063,716.4196812,1c:b9:c4:96:cc:d7,-89, ,36
03/12/2017 08:37,35.20734901,32.10251814,698.9056862,a0:ab:1b:59:55:54,-85,ear,1
03/12/2017 08:37,35.20769755,32.1029743,690.9460551,1c:b9:c4:96:d2:87,-89, ,44
03/12/2017 08:46,35.208865,32.10241537,688.0,7e:ff:30:08:7f:bd,-80,SETUP,11
03/12/2017 08:53,35.20981344909455,32.10467787022423,708.6936298586921,a2:6c:ac:a0:7b:55,-73,Guest,52
03/12/2017 08:46,35.20987677581591,32.10263817241183,693.8391299424324,30:e1:71:0f:a2:49,-80,DIRECT-47-HP DeskJet 3630 series,6
03/12/2017 08:39,35.21021078183336,32.105842735116646,688.5965322302222,1c:b9:c4:16:06:e8,-84,Ariel_University,11
03/12/2017 08:51,35.20914946296184,32.102593229213745,692.4780358428458,1c:b9:c4:14:33:c8,-72,Ariel_University,11
03/12/2017 08:49,35.21118447,32.10497523,698.0,30:e1:71:0f:b2:6a,-93,DIRECT-69-HP DeskJet 3630 series,6
03/12/2017 08:50,35.20884554714105,32.10254476289372,700.8042405484774,ec:8c:a2:26:b1:78,-68,Ariel_University,1
03/12/2017 08:50,35.208775732329386,32.10356596725276,697.2890669062416,1c:b9:c4:16:13:08,-80,Ariel_University,11
03/12/2017 08:41,35.20866419,32.10332615,692.4506545,1c:b9:c4:96:13:07,-91, ,44
03/12/2017 08:46,35.20954708219338,32.10229387676245,698.7373783140237,1c:b9:c4:15:ed:78,-74,Ariel_University,6
03/12/2017 08:46,35.208140515645084,32.10271131675099,696.7252437425739,1c:b9:c4:16:f4:7c,-78,Ariel_University,36
03/12/2017 08:41,35.208859997824646,32.10377211972814,702.9172571176306,1c:b9:c4:16:28:ec,-70,Ariel_University,36
03/12/2017 09:03,35.20924847464597,32.10319110043961,700.5527057992607,d8:5d:4c:9e:69:22,-75,AUC_4_2_24,1
03/12/2017 09:04,35.20989780706844,32.10264502272434,696.5341776300195,1c:b9:c4:15:3d:6c,-87,Ariel_University,44
03/12/2017 08:54,35.20912676871184,32.10419579465126,700.8868204746553,30:e1:71:0d:e0:65,-83,DIRECT-64-HP DeskJet 3630 series,6
03/12/2017 08:41,35.20928225112237,32.10489300750747,690.7435731246444,c2:6c:ac:9f:fb:27,-89,shapedo,36
03/12/2017 09:05,35.20958071247836,32.10347119739692,701.3552995359531,30:e1:71:0d:e0:63,-79,DIRECT-61-HP DeskJet 3630 series,6
03/12/2017 08:53,35.20979911,32.10465583,721.9074686,90:6c:ac:a0:60:55,-82,Guest,36
03/12/2017 08:45,35.209423320606795,32.10377791882688,700.3527649175361,a2:6c:ac:a0:3d:eb,-72,giftwizard,3
03/12/2017 08:50,35.2096924,32.10455252,689.0,30:e1:71:0d:e0:67,-83,DIRECT-66-HP DeskJet 3630 series,6
03/12/2017 08:37,35.20734901,32.10251814,698.9056862,00:12:2a:39:2c:3c,-86,netbox-550b,1
03/12/2017 08:50,35.208967595505115,32.10321809556175,694.1027751836336,1c:b9:c4:16:d2:88,-77,Ariel_University,11
03/12/2017 08:39,35.21043701709937,32.10591114354393,688.6622483251579,1c:b9:c4:14:2f:a8,-87,Ariel_University,1
03/12/2017 08:40,35.21047226,32.10500248,692.7188464,38:a2:8c:02:e7:6e,-91,SAMSONIX ML_003,6
03/12/2017 08:46,35.209745133237575,32.10243136134581,691.2324346460551,00:11:6b:11:02:b7,-84,yosh,1
03/12/2017 08:37,35.2073457,32.10252819,700.1622739,00:21:04:4c:2a:a2,-89,Yan,6
03/12/2017 08:40,35.21047226,32.10500248,692.7188464,ac:83:f3:b2:00:e9,-84,SAMSONIX R500-e-09,1
03/12/2017 08:41,35.20908661148576,32.10417409383732,691.6582550841363,1c:b9:c4:16:cc:d8,-83,Ariel_University,1
03/12/2017 08:50,35.20962524876297,32.10445375454542,689.0950557020008,c2:6c:ac:9f:fb:1f,-67,shapedo,1
03/12/2017 08:40,35.209775426434305,32.10462255596586,689.1632024996212,90:6c:ac:a0:60:4d,-72,Guest,1
03/12/2017 08:41,35.20874764,32.10374536,692.9018041,1c:b9:c4:16:cc:dc,-90,Ariel_University,36
03/12/2017 08:41,35.20942986,32.10446697,692.9030486,34:8f:27:a0:89:b7,-89, ,44
03/12/2017 09:06,35.210175024718446,32.10381256326414,701.9916056051809,24:79:2a:2b:bd:88,-74,Ariel_University,11
03/12/2017 08:38,35.208427924999995,32.104100165,703.2732683999999,00:25:86:cc:07:b2,-87,KCG_54,2
03/12/2017 08:41,35.20850441891716,32.102969812106494,697.1044591091564,1c:b9:c4:16:d2:8c,-83,Ariel_University,44
03/12/2017 08:45,35.20973323988146,32.10492080361653,703.1072222732039,00:11:6b:2a:90:3c,-73,Cartiheal,11
03/12/2017 08:40,35.21004948,32.10483384,692.7415285,c4:12:f5:fd:6a:74,-85,mati-sh1,9
03/12/2017 08:37,35.2075634,32.10246378,694.1299433,80:37:73:d7:ab:3a,-88,Hoom_2.4,1
03/12/2017 09:05,35.21013481964975,32.1037734409584,699.0985950933108,3c:52:82:ef:a4:8b,-80,DIRECT-8A-HP DeskJet 3630 series,6
03/12/2017 08:53,35.21014193390533,32.10481947553551,697.885242828281,1c:b9:c4:15:20:38,-82,Ariel_University,11
03/12/2017 08:50,35.20947062645334,32.10202729137922,690.8338172741264,1c:b9:c4:15:1b:8c,-87,Ariel_University,58
03/12/2017 08:53,35.21021681592936,32.10485713188516,709.8314147917981,00:11:6b:11:7d:c7,-84,yosh,13
03/12/2017 08:37,35.208211489317236,32.10280900771921,697.781901153432,ec:9b:f3:26:ab:3a,-79,SGH-I337M,6
03/12/2017 08:50,35.209382190450484,32.10369603007138,699.028171823347,1c:b9:c4:15:fd:48,-78,Ariel_University,1
03/12/2017 08:38,35.20786377,32.10395116,690.3267398,ec:8c:a2:08:7b:88,-77,Ariel_University,1
03/12/2017 08:45,35.20912759696089,32.103074861705466,712.3984013869614,1c:b9:c4:92:90:b7,-83, ,40
03/12/2017 08:46,35.20993739,32.1020859,692.0,d0:d4:12:68:5b:ca,-95,klyn,1
03/12/2017 08:40,35.21071549,32.10506215,692.6868607,1c:b9:c4:94:30:07,-84, ,36
03/12/2017 08:37,35.20726399,32.1025333,699.2877605,00:27:19:e3:2d:fe,-86,AUC_51_3,1
03/12/2017 08:46,35.20893378685792,32.10229102318592,699.6054525473203,1c:b9:c4:96:f1:97,-83, ,60
03/12/2017 08:37,35.20775336,32.10317578,690.8658803,ec:8c:a2:08:78:3c,-89,Ariel_University,40
03/12/2017 08:38,35.20784015875796,32.10375725064331,690.4441102858598,00:27:22:f3:bb:86,-81, ,6
03/12/2017 08:41,35.20910692710418,32.1027706051318,693.4406560148602,8c:0c:90:2d:75:e8,-76,Ariel_University,1
03/12/2017 08:37,35.20743113,32.10245839,694.8881938,14:ae:db:cb:05:f5,-90,Mama,11
03/12/2017 08:46,35.209972506421316,32.10258120577669,698.0276205441357,84:c9:b2:b7:c8:2d,-82,Bezeq,6
03/12/2017 09:03,35.20982219658329,32.103077598377475,696.3237417012018,1c:b9:c4:15:ec:38,-67,Ariel_University,6
03/12/2017 08:50,35.20924239055068,32.10389983842581,701.2910718412329,1c:b9:c4:16:1d:78,-76,Ariel_University,1
03/12/2017 08:41,35.20963302471069,32.102512786105734,693.2846435342426,1c:b9:c4:15:1e:6c,-89,Ariel_University,36
03/12/2017 08:46,35.20993739,32.1020859,692.0,10:0d:7f:7c:90:0a,-91,Malibu,11
03/12/2017 08:39,35.21147361993221,32.10516493951196,700.2720253338407,1c:b9:c4:55:fd:e8,-83,Ariel_University,11
03/12/2017 08:45,35.21036102287029,32.104929444091105,706.1539739298651,1c:b9:c4:15:44:5c,-73,Ariel_University,44
03/12/2017 08:38,35.20782822476643,32.10367906217578,690.5042269482669,ec:8c:a2:08:7b:8c,-68,Ariel_University,40
03/12/2017 08:54,35.20925838958441,32.102380988022716,702.8754790978059,1c:b9:c4:96:11:a7,-86, ,44
03/12/2017 08:37,35.20776622,32.10325457,690.8153989,a0:4f:d4:46:a9:e1,-92,richman,11
03/12/2017 08:50,35.209879863592626,32.10466326000542,695.4692734599969,a2:6c:ac:9f:fb:1f,-69,Neuropplied,1
03/12/2017 09:06,35.21015332685624,32.1038080002256,707.2625708225743,24:79:2a:2c:5c:1c,-76,Ariel_University,36
03/12/2017 08:46,35.20968340538726,32.10200080821171,700.0010789331561,1c:b9:c4:95:3d:57,-82, ,36
03/12/2017 08:42,35.21004341028684,32.10278632608109,691.9949333261466,1c:b9:c4:15:1e:68,-81,Ariel_University,1
03/12/2017 08:41,35.20885512993857,32.10290082930313,691.8458350044154,1c:b9:c4:92:7c:c7,-82, ,36
03/12/2017 08:46,35.20990359,32.10282894,712.9649553,1c:b9:c4:96:ee:97,-91, ,36
03/12/2017 08:37,35.20769665164133,32.103095709642695,691.9218910783717,ec:8c:a2:89:03:37,-77, ,44
03/12/2017 08:45,35.209432425387504,32.10380222630932,710.3086401283509,1c:b9:c4:16:1d:7c,-82,Ariel_University,44
03/12/2017 08:41,35.20928224929236,32.10489280452043,690.7444350477191,a2:6c:ac:9f:fb:27,-88,Neuropplied,36
03/12/2017 09:06,35.21017605576105,32.10384306913842,702.8873605318781,24:79:2a:2b:07:bc,-87,Ariel_University,36
03/12/2017 09:06,35.21015452224357,32.10380270127366,702.0523943895869,24:79:2a:2b:07:b8,-80,Ariel_University,11
03/12/2017 08:50,35.209562647521544,32.10451023949214,690.9289640792248,a0:8c:fd:8c:79:6f,-86,DIRECT-6E-HP DeskJet 3630 series,6
03/12/2017 08:55,35.21140688661445,32.1042776881354,701.7264123799245,3c:1e:04:05:5f:f5,-92,BezeqNGN_009030_2.4GHz_1,1
03/12/2017 08:51,35.21069042181055,32.10407820424918,696.4326713940098,8c:0c:90:2d:34:38,-75,Ariel_University,11
03/12/2017 08:51,35.21044402,32.10398654,705.104886,24:79:2a:ac:5c:17,-91, ,36
03/12/2017 08:42,35.21124745,32.10490479,697.4311692,ec:8c:a2:88:79:a7,-83, ,36
03/12/2017 08:46,35.21002971,32.10263052,712.9572535,1c:b9:c4:95:3d:67,-88, ,44
03/12/2017 08:38,35.20781292,32.10353355,690.579513,ec:8c:a2:09:8c:3c,-88,Ariel_University,44
03/12/2017 08:50,35.20927794282261,32.10350319351557,696.0844933056926,90:6c:ac:a0:18:29,-77,Guest,6
03/12/2017 08:48,35.211326334642656,32.104632922717066,694.1890036538142,1c:b9:c4:15:44:88,-72,Ariel_University,6
03/12/2017 08:50,35.209358542286466,32.10435442453351,703.3204883574244,a2:6c:ac:9f:f1:c5,-76,Guest,2
03/12/2017 08:45,35.20980756595432,32.104603746264274,701.4256799663947,90:8d:78:54:6b:4d,-85,Salomon,1
03/12/2017 08:49,35.2111867,32.10497406,696.0,a0:8c:fd:8c:c5:b2,-92,DIRECT-98-HP DeskJet 3630 series,6
03/12/2017 08:51,35.21084685226182,32.10412655746118,699.48952804253,8c:0c:90:2e:e8:18,-60,Ariel_University,6
03/12/2017 08:37,35.20778663,32.10332339,690.7687922,ec:8c:a2:08:78:38,-81,Ariel_University,1
03/12/2017 08:38,35.20808402,32.10473074,689.6319853,00:27:22:f3:e0:83,-88, ,1
03/12/2017 08:41,35.209096669389396,32.102875136700554,693.7861545273049,34:8f:27:20:8c:18,-86,Ariel_University,6
03/12/2017 09:03,35.20968957586714,32.102978549329606,699.0312381657526,1c:b9:c4:94:30:37,-81, ,44
03/12/2017 08:38,35.20782636,32.10371441,690.4758806,ec:8c:a2:0a:08:b8,-89,Ariel_University,6
03/12/2017 08:42,35.211193916361886,32.10473150533026,695.551073842294,1c:b9:c4:15:44:8c,-87,Ariel_University,36
03/12/2017 08:38,35.20780553,32.10342051,690.6874449,ec:8c:a2:89:0c:c7,-86, ,44
03/12/2017 09:06,35.21002476215528,32.103946584742125,700.6934472571063,60:e3:27:7b:e0:98,-79,HelpDesk,4
03/12/2017 08:45,35.21028241,32.1049281,722.9373547,08:ed:b9:3d:8f:4b,-89,HP-Print-4b-LaserJet 400,6
03/12/2017 08:37,35.20734901,32.10251814,698.9056862,10:be:f5:a7:b4:f4,-87,Home,7
03/12/2017 08:38,35.20808402,32.10473074,689.6319853,f0:b0:52:3e:d6:f8,-86,Ariel_University,11
03/12/2017 09:06,35.21009371111037,32.103792961146425,703.0188089087,24:79:2a:ab:bd:87,-84, ,44
03/12/2017 08:37,35.20776622,32.10325457,690.8153989,ec:8c:a2:26:ae:28,-88,Ariel_University,11
03/12/2017 08:40,35.210379925162236,32.10538232772214,690.5953548629302,1c:b9:c4:15:42:6c,-86,Ariel_University,48
03/12/2017 08:45,35.20879221040037,32.10316859765923,703.6473821346209,8c:0c:90:ad:75:e3,-79, ,1
03/12/2017 08:46,35.21000358466558,32.10219395119086,700.9890867386623,14:ae:db:4f:50:75,-85,GuyEmily,6
03/12/2017 08:38,35.20781292,32.10353355,690.579513,ec:8c:a2:09:8c:38,-80,Ariel_University,1
03/12/2017 08:40,35.2096085,32.10457103,692.8918491,1c:b9:c4:94:62:47,-79, ,36
03/12/2017 08:41,35.20893994642893,32.10263474621571,690.5293944095722,1c:b9:c4:14:2f:6c,-76,Ariel_University,36
03/12/2017 08:49,35.2104469,32.10494483,717.6172124,18:d6:c7:ad:25:1a,-89, ,13
03/12/2017 09:08,35.20997179214682,32.102569418007654,695.1230382045533,c4:12:f5:f6:a0:18,-72,lab_6.1.3,3
03/12/2017 08:44,35.21106960666896,32.10504392892759,702.0456994850214,1c:b9:c4:14:2b:cc,-79,Ariel_University,36
03/12/2017 08:40,35.211428005851076,32.104795885549606,691.4023506848333,1c:b9:c4:15:ed:48,-78,Ariel_University,1
03/12/2017 08:38,35.21010479865622,32.10580184810194,688.5497027103219,00:27:22:f3:a6:9a,-85, ,6
03/12/2017 08:37,35.2076292,32.10286151,691.1036072,ec:8c:a2:08:77:48,-88,Ariel_University,6
03/12/2017 08:44,35.21105177,32.10508385,723.7793961,1c:b9:c4:16:2b:ec,-91,Ariel_University,36
03/12/2017 08:53,35.21096172,32.10502807,733.9581295,1c:b9:c4:95:36:97,-86, ,36
03/12/2017 08:57,35.208955919910935,32.103218437243385,694.2303369947848,ec:8c:a2:88:78:c7,-82, ,48
03/12/2017 09:07,35.20942786373166,32.10362742670541,702.2091647050632,1c:b9:c4:15:1c:b8,-75,Ariel_University,1
03/12/2017 08:39,35.21206208836065,32.10575571622951,690.4771826721311,1c:b9:c4:56:cd:18,-75,Ariel_University,1
03/12/2017 08:47,35.21080078014202,32.10414685296415,704.4425966288085,1c:b9:c4:15:ed:3c,-82,Ariel_University,36
03/12/2017 08:41,35.20909891667761,32.10250943934865,691.7725879453926,1c:b9:c4:96:f4:27,-88, ,44
03/12/2017 08:46,35.20935507927593,32.10217803927221,696.8465232564521,1c:b9:c4:14:2b:dc,-69,Ariel_University,36
03/12/2017 08:41,35.20877020406452,32.10291772418434,690.8481706736357,f8:d1:11:77:77:c6,-70,HelpDesk,4
03/12/2017 08:53,35.209824592279645,32.10466943159814,701.9303296609968,c2:6c:ac:a0:7b:55,-73,outsense,52
03/12/2017 09:04,35.20967465176776,32.10296665169082,699.7362750977118,1c:b9:c4:15:ec:3c,-78,Ariel_University,36
03/12/2017 09:08,35.21003236173295,32.1033277396487,698.0329926580237,1c:b9:c4:16:ed:38,-62,Ariel_University,6
03/12/2017 08:38,35.20975997,32.10572051,688.5550301,08:97:58:32:a6:3e,-73,NIPPON_2516,3
03/12/2017 09:06,35.21013517617716,32.10379566601872,707.1074485908096,1c:b9:c4:16:06:b8,-63,Ariel_University,11
03/12/2017 08:51,35.21063208,32.10406638,704.8039142,24:79:2a:ab:24:97,-86, ,36
03/12/2017 08:41,35.20939884129178,32.10412577820167,707.6104208830387,1c:b9:c4:15:fd:4c,-88,Ariel_University,36
03/12/2017 08:39,35.20997089823396,32.10577582622688,688.521735330273,58:70:c6:00:d0:f1,-84,YICarCam_00d0f1,6
03/12/2017 08:41,35.209817,32.1020499,691.9252951,1c:b9:c4:96:04:77,-86, ,60
03/12/2017 08:37,35.20778663,32.10332339,690.7687922,ec:8c:a2:26:b0:58,-84,Ariel_University,6
03/12/2017 08:47,35.211026251631694,32.104176319487294,700.330552890559,1c:b9:c4:96:e8:f7,-81, ,36
03/12/2017 08:45,35.20889524,32.1038601,715.6639357,8c:0c:90:2f:ca:18,-87,Ariel_University,1
03/12/2017 08:45,35.20911580024808,32.103787136097495,687.9518351951255,b2:6c:ac:a0:18:29,-81,restore,6
03/12/2017 08:45,35.210551074525874,32.10495410643767,707.7397523145497,1c:b9:c4:15:44:58,-67,Ariel_University,11
03/12/2017 08:57,35.21063564477085,32.10471325040654,691.3395280036694,1c:b9:c4:16:2b:e8,-83,Ariel_University,6
03/12/2017 08:51,35.21086948252,32.104086280569184,699.897327354531,1c:b9:c4:15:ed:38,-75,Ariel_University,6
03/12/2017 08:45,35.2099709798537,32.104717087971274,694.0521425857906,c2:6c:ac:a0:7b:4d,-63,outsense,11
03/12/2017 09:06,35.210494792351504,32.10393249659277,700.7919796299792,24:79:2a:2c:5c:18,-65,Ariel_University,11
03/12/2017 09:09,35.2098593580868,32.10273247505415,700.6765494912177,1c:b9:c4:94:2c:37,-74, ,52
